﻿Story Arch,Metric Name,Brief Description,Data Source Name,Source Link,Excel File
Conflict,Ethnic Background – Bikeshare Members and All Regional Employees,Breakdown of Bikeshare member ethnicities versus the employees,Capital Bikeshare Ethnic Background - Bikeshare Members and All Regional Employees,https://d21xlh2maitm24.cloudfront.net/wdc/Capital-Bikeshare_2016MemberSurvey_Final-Report.pdf?mtime=20170303165531,Data%20Sources%206325066206ba4b98bde49cd03c5877f2/Capital_Bikeshare_-_Ethnic_Background_of_Bikeshare_Members_and_All_Regional_Employees_(2016).xlsx
Set Up,Philadephia Pandemic Ridership Increase,Automated Bike Counters recorded 471% spike in Cyclists on Kelly Drive Trail from March 1 to March 18,,https://energynews.us/2020/04/16/west/the-pandemic-is-fueling-a-biking-boom-will-it-last/,Data%20Sources%206325066206ba4b98bde49cd03c5877f2/Philadelphia_Kelly_Drive_Trail.xlsx
Set Up,11% Carbon Reduction,Scientists Estimate a 11% reduction in CO2 if we at least see a 20% increase in bicycling!,Institute for Transportation and Development Policy,https://www.itdp.org/2015/11/12/a-global-high-shift-cycling-scenario/,Data%20Sources%206325066206ba4b98bde49cd03c5877f2/ITDP_High_Shift_Savings.xlsx
Conflict,"% of Traffic Stops in Hoover, Foster, Clawson and McClymonds",,,https://www.bicycling.com/culture/a33383540/cycling-while-black-police/,Data%20Sources%206325066206ba4b98bde49cd03c5877f2/_of_Traffic_Stops_in_Hoover_Foster_Clawson_and_McClymonds_by_Race.xlsx
Conflict,% of Washington Cyclist Stops,,,https://www.bicycling.com/culture/a33383540/cycling-while-black-police/,Data%20Sources%206325066206ba4b98bde49cd03c5877f2/_of_Traffic_Stops_in_Hoover_Foster_Clawson_and_McClymonds_by_Race%201.xlsx
Resolution,Access Pass Membership,,,https://betterbikeshare.org/wp-content/uploads/2018/12/1-pager-access-pass-12_18_18.pdf,Data%20Sources%206325066206ba4b98bde49cd03c5877f2/Access_Pass_Members_Philly.xlsx
Resolution,Access Pass 3 Demographics,,,https://betterbikeshare.org/wp-content/uploads/2018/12/1-pager-access-pass-12_18_18.pdf,Data%20Sources%206325066206ba4b98bde49cd03c5877f2/Access_Pass_Members_Philly%201.xlsx
,,,,,